type	 participant.inquiry_participant_id	specimen_id	specimen_type	specimen_description	specimen_type_category	specimen_tumor_status	specimen_anatomic_site	specimen_age_at_collection
specimen	mock_part_01	mock_spec_1	XYZ	Lorem ipsum dolar met.	Lor	Nominal	Unknown	90
specimen	mock_part_02	mock_spec_2	ABC	Lorem ipsum dolar met.	Ipsum	Not Reported	Consectetur	10
specimen	mock_part_03	mock_spec_3	Unknown	Lorem ipsum dolar met.	Dolar	Not Reported	Consectetur	0
specimen	mock_part_04	mock_spec_4	Unknown	Lorem ipsum dolar met.	Consectetur	XYZ	Amet	-9
specimen	mock_part_05	mock_spec_5	Not Reported	Lorem ipsum dolar met.	Adipiscing	ABC	Unknown	2891
